NAME,CITY,ADDRESS,CONTACT NO.,VERIFICATION,RATING,VOTES
Pasco Automobiles,Delhi,Delhi Dlf City Phase 2,"('07947218147', None)",JD Verified,4.4,"11,695"
Vardhman Automobiles Pvt Ltd,delhi,Old Delhi Road Old Dlf Colony,"('07947230067', None)",JD Verified,3.7,156
Earntech India Pvt Ltd,delhi,Basement Pocket-10 Rohini,"('07942771652', None)",JD Verified,5,2
Ring Road Skoda,delhi,Gurgaon Sector-18,"('07947352539', None)",JD Verified,4.8,189
Csd Car Dealer,delhi,Bazar Delhi Cant Delhi Cantt,"('07947254599', None)",JD Verified,4.9,77
Truenorth Automobiles Pvt Ltd,delhi,RR/24 Peera Garhi,"('07947438693', None)",JD Verified,4.7,"1,159"
CHERISH TATA,delhi,Rohini Sector 10,"('08045781845', None)",JD Verified,4.7,284
Cherish Honda,Delhi,Crown Plaza Rohini Sector 10,"('07947225212', None)",JD Verified,4.3,459
Marwah Automobiles Private Limited,delhi,Hospital Street Noida Sector 132,"('07947461359', None)",JD Verified,4.4,4
Lamba Huyndai,delhi,No F-1/189 Malviya Nagar,"('08904949946', None)",JD Verified,4.8,"1,673"
Marwah Automobiles Private Limited,delhi,Hospital Street Noida Sector 132,"('07947461359', None)",JD Verified,4.4,4
Vasant Motors,Delhi,Vasant RK Puram Sector 6,"('07947212841', None)",JD Verified,4.3,51
CHERISH TATA,delhi,Rohini Sector 10,"('08045781845', None)",JD Verified,4.7,284
Agarwal Motors & Properties,delhi,5E/3 BP Faridabad NIT,"('07947236955', None)",JD Verified,4,16
Sagar Motors,delhi,B-123 Noida Sector 5,"('07947221579', None)",JD Verified,4,"3,809"
Harsh Motors,Delhi,D- 16/ 318 Rohini Sector 3,"('07947231868', None)",JD Verified,4.5,21
Lamba Huyndai,delhi,No F-1/189 Malviya Nagar,"('08904949946', None)",JD Verified,4.8,"1,673"
Jmv Hyundai,Delhi,GURGAON SOHNA HIGHWAY NH 248A,"('', '+(91)-9999116695, +(91)-9999116697')",JD Verified,4.6,909
Hartron Motors,delhi,Sohna Road Islampur,"('', '+(91)-9971714444')",JD Verified,3.8,"1,039"
Harish Motors & Finance,Delhi,Main Road Ashok Vihar 2,"('07947427481', None)",JD Verified,4,342
Saanvi Motors,Delhi,Suraj Vihar Road Dwarka Sector 3,"('', '+(91)-8527047848')",JD Verified,4.1,35
Kalra Motors Pvt Ltd,Delhi,Round Road Lajpat Nagar 2,"('', '+(91)-9811090646, +(91)-9810063487')",JD Verified,3.7,51
Max Marketing,delhi,Birbal Road Jangpura Extention,"('', '+(91)-9871111444, +(91)-9718111444')",JD Verified,4.7,495
Hans Hyundai,Delhi,Najafgarh Road Udyog Nagar,"('', '+(91)-9871377443, +(91)-8447735009')",Not Verified ,4.1,"13,393"
Koncept Hyundai,Delhi,Aurobindo Marg Green Park,"('07947431718', None)",Not Verified ,4.1,"12,076"
Hans Hyundai,Delhi,Najafgarh Road Moti Nagar,"('', '+(91)-8447735009, +(91)-8447735403, +(91)-9599705948')",Not Verified ,4.1,"7,063"
Rohan Motors,Delhi,Taksal Road Noida Sector 1,"('', '+(91)-8376800026, +(91)-8929160831, +(91)-8929400504, +(91)-9582210152, +(91)-9873501288, +(91)-9922646720')",Not Verified ,4,"6,491"
Magic Auto,Delhi,C-64 Preet Vihar,"('07947427478', None)",Not Verified ,4.6,"6,213"
Koncept Automobiles Pvt Ltd,delhi,24 A Lajpat Nagar 3,"('07947056962', None)",JD Verified,4.1,"5,927"
Sapphire Hyundai,Delhi,Mayapuri Industrial Area Phase 1,"('07947427477', None)",Not Verified ,4.4,"5,877"
AAA Vehicleades Pvt Ltd,Delhi,Malviya Nagar Road Malviya Nagar,"('', '+(91)-8929268093, +(91)-9716311111, +(91)-9971500011')",Not Verified ,4.5,"5,152"
Himgiri Hyundai,Delhi,Plot A-9/1 Jhilmil,"('07947255260', None)",JD Verified,4.5,"5,104"
Magic Auto Pvt Ltd,Delhi,Plot Number 94 Dwarka Sector 20,"('', '+(91)-8929268146, +(91)-9560991620, +(91)-9810161618, +(91)-9818444480, +(91)-9871097937')",Not Verified ,4.5,"5,020"
Frontier Hyundai,delhi,Plot Number 2 & 3 Matiala,"('07947427795', None)",Not Verified ,4.7,"5,013"
Treo TATA,Delhi,Okhla Industrial Area Phase 1,"('', '+(91)-9899522931')",JD Verified,4.3,"5,006"
Treo TATA,Delhi,Avenue Road Safdarjung Enclave,"('07947224959', None)",JD Verified,4.3,"5,006"
Treo TATA,delhi,AVENUE ROAD Safdarjung Enclave,"('', '+(91)-9899522931')",JD Verified,4.3,"5,006"
Nexa Dwarka Sector 14,Delhi,Dwarka Road Dwarka Sector 14,"('07947431507', None)",Not Verified ,4.7,"4,786"
Pasco Automobiles,Delhi,Village Alipur Sohna Road,"('07947431420', None)",Not Verified ,4.8,"3,597"
Himgiri Automobiles Pvt Ltd.,Delhi,Course Road Gurgaon Sector 53,"('07947072551', None)",JD Verified,4,"3,262"
Shuban Sai Hyundai,delhi,East Gokalpur,"('07947342792', None)",JD Verified,4.6,"3,224"
TCS Autoworld,Delhi,Saluja Complex Faridabad NIT,"('07947431354', None)",Not Verified ,4.4,"3,073"
Profesional Hyundai,Delhi,A 1897 Gurgaon Sector 52,"('', '+(91)-8527197803, +(91)-8527197805')",Not Verified ,4.5,"2,706"
Renault Mathura Road,delhi,Mohan Co Operative Industrial Area,"('07947224812', None)",JD Verified,4.2,"2,540"
Renault Mathura Road,delhi,Ind Area Mathura Road,"('07947122586', None)",JD Verified,4.2,"2,540"
Koncept Automobiles Pvt Ltd,delhi,Mohan Co Operative Industrial Area,"('07947058914', None)",JD Verified,4.3,"2,340"
Arya Motors Pvt Ltd,Delhi,Mehrauli Road Gurgaon Sector 14,"('', '+(91)-7045156113, +(91)-9810638782, +(91)-9871106073')",Not Verified ,4.3,"2,323"
Zedex TATA,delhi,Sohna Road,"('07947317404', None)",JD Verified,4.7,"2,077"
D S Hyundai,Delhi,B 32 Noida Sector 58,"('07947254186', None)",JD Verified,4.4,"2,043"
United Automobiles,Delhi,Road Faridabad Sector 27a,"('', '+(91)-7290090096')",JD Verified,4.5,"1,949"
Prestige Hyundai,Delhi,By Pass Road Sector 9,"('07947431509', None)",Not Verified ,4.7,"1,927"
Competent Automobiles Co Ltd,Delhi,Main Road Madhu Vihar,"('', '+(91)-8929347789, +(91)-9582797879')",Not Verified ,4.4,"1,897"
T R Sawhney Motors Pvt Ltd,delhi,Vishal Enclave-Rajouri Garden,"('', '+(91)-8929347785, +(91)-9716633010, +(91)-9717404444, +(91)-9873781333')",Not Verified ,4.6,"1,717"
Royal Dream Hyundai,Delhi,Amaltash Marg Noida Sector 3,"('', '+(91)-7042363636, +(91)-7042493311, +(91)-7042493333, +(91)-7428896223, +(91)-7847889900, +(91)-7971266346, +(91)-9990478952')",Not Verified ,4.3,"1,704"
Koncept Automobiles Pvt Ltd,delhi,Gurgaon Sector 48,"('07947061070', None)",JD Verified,4.2,"1,616"
Volkswagen NCR East,delhi,Block E-24 New Arya Nagar,"('07947219954', None)",JD Verified,4,"1,571"
Shuban Sai Hyundai,delhi,Mohan Co Operative Industrial Area,"('07947232072', None)",JD Verified,4.5,"1,558"
Somesh Automobiles-Maruti Suzuki Authorised Service Center,Delhi,Road Dlf City Phase 1,"('07947209769', None)",JD Verified,4.8,"1,345"
Sagar Motors,delhi,D - 48 Noida Sector 63,"('07947466117', None)",JD Verified,4.4,"1,234"
Delhi Ford,Delhi,Avenue Road Safdarjung Enclave,"('', '+(91)-9930612607, +(91)-9990003366, +(91)-9643346744, +(91)-7838786531')",Not Verified ,4.2,"1,220"
Ashok Hyundai,delhi,Main Wazirabad Road Yamuna Vihar,"('', '+(91)-9312209488, +(91)-8130293021')",Not Verified ,4.6,"1,194"
Dee Emm Hyundai,delhi,Mehrauli-Gurgaon Rd Gurgaon City,"('', '+(91)-8588891504, +(91)-8929648040')",Not Verified ,4.6,"1,078"
Aasai Motors,delhi,No 37 Tughlakabad Extension,"('07947233979', None)",JD Verified,4.5,912
Shiva Bajaj,Delhi,E-18 New Arya Nagar,"('', '+(91)-8929689955, +(91)-8595167770, +(91)-8860077499')",Not Verified ,3.9,894
Fair Deal Premium Wheels Pvt Ltd,Delhi,D-393 Noida Sector 10,"('07947431533', None)",Not Verified ,3.9,854
Renault Delhi North,Delhi,Gt Karnal Road Azadpur,"('07947427697', None)",JD Verified,4.2,852
DC2- Dilip Chhabria Customisation,Delhi,Course Road Gurgaon Sector 53,"('', '+(91)-8826600131, +(91)-8860001712, +(91)-9870133333')",Not Verified ,4,826
Shiva Motocorp JLR,delhi,A-108 Noida Sector 5,"('07947223065', None)",JD Verified,4.4,816
Renault Sahibabad (Showroom & Workshop),delhi,Old GT Road Chikamberpur,"('07947065603', None)",JD Verified,4.8,811
Axon Honda,delhi,Mohan Co Operative Industrial Area,"('07947431574', None)",Not Verified ,4.6,763
Prestige Autoworld Pvt Ltd,Delhi,M G Road Gurgaon Sector 25,"('', '+(91)-9910050077, +(91)-9910050033, +(91)-7824869309')",Not Verified ,3.7,714
Sri Durga Automobiles,Delhi,Mayapuri Industrial Area Phase 1,"('', '+(91)-8860528158, +(91)-9582599987, +(91)-8512025050, +(91)-9593084544')",Not Verified ,4,686
Renault Mg Road,delhi,City Point MG ROAD GURGAON,"('07947431583', None)",JD Verified,4.8,676
Shuban Sai Mahindra,delhi,Madhu Vihar,"('07947263229', None)",JD Verified,4.3,643
Nexa,delhi,Course Road Gurgaon Sector 53,"('07947427452', None)",Not Verified ,4,629
Himgiri Hyundai,delhi,Dayanand Vihar-Anand Vihar,"('07947431633', None)",JD Verified,4.7,605
Prime Honda,delhi,Main GT Road Dilshad Garden,"('', '+(91)-9999029546, +(91)-7375002004, +(91)-8657589056')",Not Verified ,4.3,520
Bajaj Auto Ltd,Delhi,Main Road Burari,"('07947431549', None)",Not Verified ,3.7,489
Top Gear Automobile,Delhi,East Prak Road Karol Bagh,"('07947156127', None)",Not Verified ,3.8,468
Rohit Force,Delhi,Main GT Karnal Road Siraspur,"('', '+(91)-8130807711')",Not Verified ,4.2,465
GNG Auto Aids Pvt Ltd,delhi,Sector 14 Anamika Enclave,"('08045796652', None)",JD Verified,4.3,435
Deep Hyundai,Delhi,K-1 Dwarka Sector 4,"('07947431620', None)",Not Verified ,3.9,427
Shri Shyam Hyundai,Delhi,Nangli Sakrawati-Najafgarh,"('07947214217', None)",JD Verified,3.7,367
Car Expert,delhi,Rohini Sector 10,"('07947122631', None)",JD Verified,4.4,353
Bliss Car Care,Delhi,Sohna Road Badshahpur Gurgaon,"('', '+(91)-8800222845')",Not Verified ,3.6,312
Car Street,delhi,A-16 Naraina Vihar,"('', '+(91)-7070707026, +(91)-9697989916, +(91)-9716381138, +(91)-9810786352, +(91)-9899817887')",Not Verified ,4.3,292
T R Sawhney Motors Pvt Ltd,delhi,B-19 Mayapuri,"('07942591627', None)",JD Verified,4,281
Csd Motor Cars,delhi,Sadar Bazar Delhi Cantt,"('07947427518', None)",JD Verified,4.7,277
Malhotra Motors,delhi,A-203 New Moti Nagar,"('07947431638', None)",Not Verified ,4.2,263
Mahalaxmi Automobiles ,Delhi,Arya Samaj Road Karol Bagh,"('07947429208', None)",Not Verified ,3.5,256
Auto Empire,Delhi,Sector 29 IFFCO Chowk,"('', '+(91)-9311080861, +(91)-9667674038, +(91)-8800686965')",JD Verified,4.2,231
Lexus New Delhi,delhi,22 A Janpath,"('', '+(91)-9999138027, +(91)-9999216736, +(91)-9953700099, +(91)-7618779898')",JD Verified,4.5,199
Genesis Cars,Delhi,Mohan Co Operative Industrial Area,"('', '+(91)-9999531090, +(91)-7290055632')",Not Verified ,3.8,152
Car Dreams,delhi,Chand Nagar,"('', '+(91)-9811418183')",Not Verified ,3.8,141
Deals On Wheels,Delhi,State Bank Colony-gujranwala Town,"('', '+(91)-9811562000, +(91)-9811509555')",Not Verified ,3.6,133
Malviya Car Bazar,Delhi,Mkt Masjid Greater Kailash 3,"('', '+(91)-9810596267')",JD Verified,3.9,131
Puri Motors & Co.,Delhi,Rohini Sector 2,"('', '+(91)-8586878401, +(91)-9868226814, +(91)-9250728614')",Not Verified ,4,124
Vig Automobiles,Delhi,Kalkaji,"('07947210580', None)",JD Verified,4,118
Raja Car Palace,Delhi,A-73 Krishna Nagar,"('07947431715', None)",Not Verified ,4,107
Hks Automobiles Pvt Ltd,delhi,Plot No- 6-9 Faridabad Nit,"('', '')",Not Verified ,4.1,96
Arya Motors,delhi,Sohna,"('', '+(91)-9716759704, +(91)-9810514405, +(91)-9599004392, +(91)-9990001975, +(91)-9167078107')",Not Verified ,4.4,94
Mgf Toyota,delhi,Peera Garhi,"('', '+(91)-9818995982')",Not Verified ,4.6,85
Elite Car,delhi,Lodhi Road,"('', '+(91)-9811800012, +(91)-9599689214')",JD Verified,4.4,85
G K Automotive,delhi,M2k Cinema Ranibagh Rani Bagh,"('', '+(91)-9582821262, +(91)-9818769555, +(91)-9811369666')",Not Verified ,3.8,74
SML Isuzu Limited,Delhi,E 48 1st Floor Hauz Khas,"('07947431510', None)",Not Verified ,3.9,46
Maruti Suzuki Nexa Platinum,delhi,Mohan Co Operative Industrial Area,,Not Verified ,3.9,40
T R Sahini Motors Pvt Ltd,delhi,Gokalpuri,"('', '+(91)-7982062793')",Not Verified ,3.9,36
TATA Motors Ltd,delhi,Wazirabad Road Gokalpuri,"('', '+(91)-9999007075, +(91)-8291058108, +(91)-8077976891')",Not Verified ,4,29
Ruby Motors,Delhi,Main Arya Samaj Road Karol Bagh,"('07947431666', None)",Not Verified ,4.4,23
Snv Auto,delhi,Nehru Nagar Ghaziabad HO,"('07942604617', None)",JD Verified,4.3,22
Premium Motor,Delhi,Outer Ring Road Vikaspuri,"('', '+(91)-9810367076, +(91)-9810626524')",Not Verified ,4,21
BBA Nexa,delhi,Road Neighbourhood Ii Faridabad,"('', '+(91)-9773696700')",Not Verified ,4.6,18
GNG Auto Aids Pvt Ltd,delhi,Sohna Road Sohna,"('', '+(91)-7988038562')",Not Verified ,4.7,13
Remson Motors,Delhi,M 100 Connaught Place,"('07947122401', None)",Not Verified ,4.2,12
Ring Road Honda,Delhi,Rohtak Road Peera Garhi,"('07947431578', None)",Not Verified ,3.9,"18,639"
Galaxy Toyota,Delhi,Najafgarh Road Moti Nagar,"('', '+(91)-7838195195, +(91)-9643101006, +(91)-9311028319, +(91)-8447737969, +(91)-8448293658')",Not Verified ,4.4,"14,255"
Galaxy Toyota,Delhi,28 Dlf Moti Nagar,"('', '+(91)-9643101006, +(91)-9643102001, +(91)-8447754353')",Not Verified ,4.4,"14,255"
Capital Automotives Pvt Ltd,Delhi,H - 5 Noida Sector 63,"('07947431740', None)",Not Verified ,4.4,"11,301"
Magic Auto,Delhi,Palam Dabri Road Dabri,"('07947431626', None)",Not Verified ,4.4,"10,627"
D D Motors,Delhi,New Rohtak Road Udyog Nagar,"('', '+(91)-8860637384, +(91)-8929268158, +(91)-8929268161, +(91)-9643303660, +(91)-9811664249, +(91)-9999003888, +(91)-9999026989, +(91)-9999033888')",Not Verified ,4,"9,457"
Deep Hyundai,Delhi,Mangolpuri Industrial Area Phase 1,"('', '+(91)-7949108607, +(91)-8860606856, +(91)-9818907364, +(91)-9999990910, +(91)-9999990917')",Not Verified ,4.7,"9,122"
Magic Auto,Delhi,Deshbandhu Gupta Road Karol Bagh,"('07947432068', None)",Not Verified ,4.6,"8,696"
D D Motors,delhi,Mayapuri Industrial Area Phase 2,"('07947431747', None)",JD Verified,4.1,"8,072"
Sunrise Autoworld Pvt Ltd,Delhi,Plot No.2 Indraprastha Extension,"('07947431782', None)",Not Verified ,4.3,"7,608"
Ace Honda,Delhi,G-25 Noida Sector 11,"('', '+(91)-8657072127, +(91)-9999673820, +(91)-9999673850')",Not Verified ,4.3,"6,850"
Koncept Automobiles Pvt Ltd,Delhi,Plot No A 9 Noida Sector 2,"('07947056998', None)",JD Verified,4.1,"6,834"
Dream Hyundai,Delhi,Plot No A-3 Meerut Road,"('', '+(91)-9560795307, +(91)-9560795292, +(91)-7428896216, +(91)-9716825070, +(91)-9560795303, +(91)-9560795300')",Not Verified ,4.6,"6,549"
NEXA,Delhi,Dwarka Sector 9,"('07947426545', None)",Not Verified ,4.8,"6,383"
Koncept Automobiles Pvt Ltd,Delhi,24 A Lajpat Nagar 3,"('07947061764', None)",JD Verified,4.1,"5,927"
Rana Motors Pvt Ltd,Delhi,Ansari Nagar-aiims,"('', '+(91)-8929804212, +(91)-9811858972, +(91)-9811988836, +(91)-9899400474')",Not Verified ,4.5,"5,887"
T R Sawhney Motors Pvt Ltd,Delhi,Wazirabad Road East Gokalpur,"('07947431370', None)",Not Verified ,4.1,"5,667"
Sri Durga Automobiles,Delhi,Najafgarh Road Moti Nagar,"('07947123372', None)",Not Verified ,4,"5,588"
Volkswagen Delhi West,Delhi,Najafgarh Road Moti Nagar,"('07947431481', None)",Not Verified ,3.9,"5,376"
Unity Hyundai,delhi,Shalimar Bagh,"('', '+(91)-9643332012, +(91)-9811780656')",Not Verified ,4.8,"5,329"
Deep Hyundai,Delhi,Rohtak Road Peera Garhi,"('07947427854', None)",Not Verified ,4.3,"5,154"
Aaa Vehicleades Pvt Ltd,delhi,Malviya Nagar,"('07947431586', None)",Not Verified ,4.5,"5,152"
Frontier Hyundai,delhi,Rajapuri-dwarka,"('07947429227', None)",Not Verified ,4.7,"5,013"
Sunrise Hyundai,Delhi,Plot Number 205 Patparganj,"('07947431660', None)",Not Verified ,4.5,"4,757"
Big Boy Toyz,delhi,Plot No 134 Pace City 1,"('07947431394', None)",Not Verified ,4.5,"4,660"
Nexa Mathura Road,delhi,Road Mathura Road Faridabad,"('07947431613', None)",Not Verified ,4.6,"4,574"
Galaxy Toyota,Delhi,Okhla Industrial Area Phase 1,"('07947431367', None)",Not Verified ,4.5,"4,482"
T R Sawhney Motors Pvt Ltd,Delhi,CC - 27 Nehru Place,"('07947428569', None)",Not Verified ,3.9,"4,451"
Rohan Motors Ltd,Delhi,Plot Number- 63-A Greater Noida,"('07947431835', None)",Not Verified ,4,"4,405"
Fortune Hyundai,Delhi,D-74,"('', '+(91)-7428896225, +(91)-7971266340, +(91)-9540083005, +(91)-9718426600')",Not Verified ,4.5,"4,330"
Autovikas Sales & Service Pvt Ltd,Delhi,Matiyala Road Dwarka Sector 5,"('07947431375', None)",Not Verified ,4.6,"4,322"
Autovikas,Delhi,Najazfgarh Road Moti Nagar,"('', '+(91)-7045136327, +(91)-9899364690')",Not Verified ,4.7,"4,259"
Mahadev Hyundai,Delhi,Mathura Road Faridabad,"('', '+(91)-9821775347, +(91)-7042293262, +(91)-8800296446, +(91)-8800493789, +(91)-7428896230')",Not Verified ,4.5,"4,119"
Prem Motors Pvt Ltd,delhi,Vasant Kunj Road Mahipalpur,"('07947427950', None)",Not Verified ,4.6,"4,092"
Crown Honda,delhi,Building No H-5 Noida Sector 63,"('', '+(91)-7290048912, +(91)-8514889607')",JD Verified,4,"4,082"
Koncept Hyundai,Delhi,Okhla Industrial Area Phase 1,"('', '+(91)-7290075507, +(91)-7428896368, +(91)-8750065041, +(91)-8750065451, +(91)-8750217777, +(91)-9811100097')",Not Verified ,4.5,"4,076"
Prem Motors Pvt Ltd,Delhi,Galaxy Road Gurgaon Sector 15,"('', '+(91)-8929483573, +(91)-8750487504, +(91)-7065003463, +(91)-7065003435, +(91)-7065003488')",Not Verified ,4.6,"4,049"
Rana Motors Pvt Ltd,Delhi,Shop Number 52 Prashant Vihar,"('07947431647', None)",Not Verified ,4.7,"4,030"
Nexa Mg Road,delhi,MG ROAD GURGAON,"('', '+(91)-9560491144, +(91)-9711290001, +(91)-7290019925, +(91)-8929400594')",Not Verified ,4.7,"3,985"
Himgiri Hyundai Cars,delhi,Dilshad Garden,"('', '+(91)-9999699190')",Not Verified ,4.7,"3,899"
Saya Automobiles Ltd,Delhi,G T Karnal Road Azadpur,"('07947431565', None)",Not Verified ,3.9,"3,876"
Lakshmi Dream Motors,Delhi,10 Idc Mehrauli Road,"('07947431645', None)",Not Verified ,4.2,"3,866"
Autovikas Sales & Service Pvt Ltd,Delhi,Rama Road Moti Nagar,"('', '+(91)-7303658916, +(91)-8826996182')",Not Verified ,4.6,"3,852"
Autovikas Showroom,delhi,Marg Shivaji Marg Moti Nagar,"('07947431224', None)",Not Verified ,4.6,"3,821"
Galaxy Toyota,Delhi,Dwarka Sector 20,"('07947431523', None)",Not Verified ,4.2,"3,801"
Uttam Toyota,Delhi,No.H-3 Noida Sector 63,"('', '+(91)-9818174318, +(91)-9871637000, +(91)-9810907071')",Not Verified ,4.4,"3,785"
Uttam Toyota,delhi,Number C-1 Noida Sector 57,"('07947432066', None)",Not Verified ,4.4,"3,785"
Bohra Hyundai,Delhi,Neelam Bata Road Faridabad Nit,"('', '+(91)-8800011010, +(91)-8800011050, +(91)-8800011100')",Not Verified ,4.7,"3,784"
Vipul Motors Pvt Ltd,Delhi,Mathura Road Faridabad City,"('07947431569', None)",Not Verified ,4.2,"3,761"
Nexa Pasco,delhi,Alipur Sohna,"('', '+(91)-8929400482, +(91)-9899339336')",Not Verified ,4.7,"3,593"
Prime Honda,Delhi,Plot Number-1 Patparganj,"('', '+(91)-7290055380, +(91)-7375004990, +(91)-8657589054, +(91)-8657589320, +(91)-9971599312, +(91)-9717491139')",Not Verified ,4,"3,583"
Galaxy Toyota,Delhi,Pitamah Marg Kotla Mubarakpur,"('', '+(91)-9582940202, +(91)-8130279882')",Not Verified ,4.1,"3,473"
Pasco Arena Showroom,Delhi,Gurgaon Sohna Road Sohna,"('', '+(91)-8683000929, +(91)-8929268614, +(91)-8929400528')",Not Verified ,4.7,"3,408"
Fair Deal Cars Pvt Ltd,Delhi,Main G T Road Dilshad Garden,"('', '+(91)-8447791488, +(91)-9810444324, +(91)-9999700944, +(91)-9990485789, +(91)-9910894050, +(91)-9873186937, +(91)-8929400578, +(91)-8448296614, +(91)-8448296615')",Not Verified ,4.3,"3,358"
Pawan Hyundai,Delhi,Bulandshahr Road Industrial Area,"('', '+(91)-8800095777, +(91)-8800097198, +(91)-8800095784, +(91)-7428896214')",Not Verified ,4.5,"3,320"
Triumph Hyundai,delhi,YMCA Chowk-Faridabad Sector 6,"('', '+(91)-9643400505, +(91)-9643400501, +(91)-9212550961, +(91)-7428896229')",Not Verified ,4.5,"3,277"
Pahwa Autoworld,delhi,A-2/5 Safdarjung Enclave,"('', '+(91)-7045137532, +(91)-7290082447, +(91)-7303658571, +(91)-9599710150, +(91)-9599710323, +(91)-9711198889')",Not Verified ,4.2,"3,220"
Rohan Motors Ltd,Delhi,A-15 Mathura Road,"('', '+(91)-8802717598, +(91)-8929140469, +(91)-9205719372, +(91)-9818898285, +(91)-9717956598')",Not Verified ,4,"3,192"
Sab Motors Pvt Ltd,delhi,Cf  1/1/5 Mohan Nagar,"('', '+(91)-7045160058, +(91)-9999899807, +(91)-7506019947')",Not Verified ,4.4,"3,188"
T R Sawhney Motors Pvt Ltd,Delhi,Pushpanjali Enclave-pitampura,"('', '+(91)-8929804643, +(91)-9582263509')",Not Verified ,4.3,"3,155"
Krish Automotors Pvt Ltd,Delhi,G T Karnal Road Jahangir Puri,"('', '+(91)-8929180630, +(91)-8929268182, +(91)-9999149577')",Not Verified ,4.1,"3,147"
Uttam Toyota,Delhi,FIE-95 Patparganj,"('', '+(91)-9810907071, +(91)-9810911000, +(91)-9810916666, +(91)-9810941000, +(91)-9818039344, +(91)-9871564455, +(91)-9871637000')",Not Verified ,4.2,"3,144"
Courtesy Honda,Delhi,Okhla,"('', '+(91)-8657589406')",Not Verified ,3.8,"3,134"
Dd Industries Ltd,delhi,Industrial Area Wazirpur,"('07947431765', None)",Not Verified ,4.4,"3,122"
Harpreet Ford,Delhi,Gurgaon Sector 34,"('', '+(91)-9599785023, +(91)-9891951999')",Not Verified ,4,"3,047"
Superon Hyundai,Delhi,Gurgaon Sector 37,"('', '+(91)-9810632979, +(91)-9958499838')",Not Verified ,4.5,"3,046"
Mr Hyundai,Delhi,Sahibabad Town,"('', '+(91)-8447759019, +(91)-8447759031, +(91)-9312821182, +(91)-9999010046, +(91)-7428896213, +(91)-8376924175, +(91)-8447759002')",Not Verified ,4.3,"3,026"
Speedingo Kia,delhi,Patparganj,"('07947230601', None)",JD Verified,4.4,"3,011"
Nexa Pitampura,Delhi,Road No 43 Pitampura,"('', '+(91)-7838555071, +(91)-8010302049, +(91)-8929180629, +(91)-8929268147, +(91)-8929400499, +(91)-9582378973, +(91)-9999159577')",Not Verified ,4.3,"2,994"
Vipul Motors Pvt Ltd,Delhi,Noida Sector 18,"('', '+(91)-8800091555, +(91)-9599180236')",Not Verified ,4,"2,967"
Sab Motors Pvt Ltd,Delhi,S 21 Loni Industrial Area,"('', '+(91)-7045160058, +(91)-7303658919, +(91)-9212500066, +(91)-9810506674, +(91)-9811112780')",Not Verified ,4.5,"2,931"
Autonation,Delhi,Mathura Road Faridabad Sector 28,"('', '+(91)-8929400476, +(91)-9899596002, +(91)-8800799838')",Not Verified ,4.5,"2,795"
Safdarjang Motors Pvt Ltd,Delhi,Udyog Vihar Industrial Area Phase 4,"('', '+(91)-7042409560, +(91)-7428896101, +(91)-7971266339, +(91)-8860626993, +(91)-9810632979, +(91)-9871395438, +(91)-9971590019')",Not Verified ,4.3,"2,759"
T R Sawhney Motors Pvt Ltd,Delhi,Plot No 96 Rajiv Nagar Sahibabad,"('', '+(91)-8929347783, +(91)-9999052816, +(91)-9999052917, +(91)-9999054115, +(91)-9999051298, +(91)-9999399160, +(91)-9582263544')",Not Verified ,4.2,"2,754"
Audi Delhi South,Delhi,Mohan Co Operative Industrial Area,"('', '+(91)-9540292929, +(91)-9810945296')",Not Verified ,4.2,"2,752"
Prime Honda,Delhi,Link Road Vaishali Ghaziabad,"('', '+(91)-8657589053, +(91)-9999205279')",JD Verified,4,"2,731"
Capital Hyundai,Delhi,C 47 C Block Noida Sector 58,"('', '+(91)-9958994293, +(91)-7290077350')",Not Verified ,4.6,"2,725"
Jai Auto Vehicle Pvt Ltd,Delhi,Mathura Road,"('', '+(91)-7574066633, +(91)-9311094069, +(91)-9821493036')",Not Verified ,4.2,"2,711"
Rana Motors Pvt Ltd,Delhi,Sco 322 Gurgaon Sector 29,"('', '+(91)-8929400486, +(91)-9899400479, +(91)-9873099000')",Not Verified ,4.4,"2,697"
Classic Honda,Delhi,Road Mathura Road Faridabad,"('07947431865', None)",Not Verified ,4,"2,683"
Himgiri Hyundai,Delhi,Mg Road Gurgaon,"('07947431813', None)",Not Verified ,4.5,"2,681"
Courtesy Honda,Delhi,Wazirpur Industrial Area,"('', '+(91)-8657588478, +(91)-8657589304, +(91)-8800933381, +(91)-9717993601, +(91)-9717993603, +(91)-9717993611, +(91)-9910991426')",Not Verified ,3.8,"2,677"
Renault Noida,Delhi,Shop No A 79 Noida Sector 2,"('07947431689', None)",Not Verified ,4.4,"2,649"
Galaxy Toyota,Delhi,Rajasthan Udyog Nagar-bhalswa Jahangirpuri,"('07947431794', None)",Not Verified ,4.5,"2,640"
Magic Auto,Delhi,Ghazipur Road Ghazipur,"('07947431775', None)",Not Verified ,4.7,"2,609"
DD Motors,delhi,Rohtak Road Peera Garhi,"('07947123480', None)",Not Verified ,4.2,"2,599"
